{
  "part_a": {
    "time": 51848541.999999724,
    "iterations": 100,
    "memory": 6372424
  },
  "part_b": {
    "time": 877552583.9999973,
    "iterations": 100,
    "memory": 45701720
  }
}