{
  "part_a": {
    "time": 19782209.00002634,
    "iterations": 100,
    "memory": 37720304
  },
  "part_b": {
    "time": 16473750.000004657,
    "iterations": 100,
    "memory": 50787840
  }
}