{
  "part_a": {
    "time": 107624.99999999875,
    "iterations": 100,
    "memory": 5069864
  },
  "part_b": {
    "time": 86829334.00000001,
    "iterations": 100,
    "memory": 5240344
  }
}