{
  "part_a": {
    "time": 42041416.99999991,
    "iterations": 100,
    "memory": 25316232
  },
  "part_b": {
    "time": 916083291.9999957,
    "iterations": 100,
    "memory": 71854848
  }
}