{
  "part_a": {
    "time": 271562166.9999964,
    "iterations": 100,
    "memory": 41611136
  },
  "part_b": {
    "time": 2332476541.9999895,
    "iterations": 100,
    "memory": 34572856
  }
}