{
  "part_a": {
    "time": 219553332.99999985,
    "iterations": 100,
    "memory": 18179432
  },
  "part_b": {
    "time": 218710291.99999613,
    "iterations": 100,
    "memory": 36119064
  }
}