{
  "part_a": {
    "time": 203618750.00000146,
    "iterations": 100,
    "memory": 242088640
  },
  "part_b": {
    "time": 186646457.99999925,
    "iterations": 100,
    "memory": 130682136
  }
}