{
  "part_a": {
    "time": 510292.0000008453,
    "iterations": 100,
    "memory": 5204128
  },
  "part_b": {
    "time": 1222374.9999993742,
    "iterations": 100,
    "memory": 5143720
  }
}