{
  "part_a": {
    "time": 165229458.00000072,
    "iterations": 100,
    "memory": 18804608
  },
  "part_b": {
    "time": 239573665.9999966,
    "iterations": 100,
    "memory": 99934568
  }
}