{
  "part_a": {
    "time": 14713665.999999648,
    "iterations": 100,
    "memory": 16827872
  },
  "part_b": {
    "time": 781957.9999995767,
    "iterations": 100,
    "memory": 16114808
  }
}