{
  "part_a": {
    "time": 686749.9999934807,
    "iterations": 100,
    "memory": 5128144
  },
  "part_b": {
    "time": 292875.00004284084,
    "iterations": 100,
    "memory": 13069520
  }
}