{
  "part_a": {
    "time": 1271999.9999999914,
    "iterations": 100,
    "memory": 17018160
  },
  "part_b": {
    "time": 24384292.000000075,
    "iterations": 100,
    "memory": 73411368
  }
}