{
  "part_a": {
    "time": 844166.9999999988,
    "iterations": 100,
    "memory": 5173528
  },
  "part_b": {
    "time": 1435709.0000000028,
    "iterations": 100,
    "memory": 7757448
  }
}