{
  "part_a": {
    "time": 830958.0000000097,
    "iterations": 100,
    "memory": 8896736
  },
  "part_b": {
    "time": 111750791.99999982,
    "iterations": 100,
    "memory": 17943408
  }
}