{
  "part_a": {
    "time": 973416.9999999978,
    "iterations": 100,
    "memory": 6410176
  },
  "part_b": {
    "time": 198250.0000000016,
    "iterations": 100,
    "memory": 5964544
  }
}