{
  "part_a": {
    "time": 393291.00000000495,
    "iterations": 100,
    "memory": 5282176
  },
  "part_b": {
    "time": 2222584.000000012,
    "iterations": 100,
    "memory": 12091056
  }
}