{
  "part_a": {
    "time": 6935249.999998632,
    "iterations": 100,
    "memory": 12326744
  },
  "part_b": {
    "time": 45020959.00000131,
    "iterations": 100,
    "memory": 16533440
  }
}