{
  "part_a": {
    "time": 1627750.000000006,
    "iterations": 100,
    "memory": 8339856
  },
  "part_b": {
    "time": 4559124.999999994,
    "iterations": 100,
    "memory": 8607368
  }
}