{
  "part_a": {
    "time": 48535540.99999997,
    "iterations": 100,
    "memory": 23141776
  },
  "part_b": {
    "time": 1269806665.9999895,
    "iterations": 100,
    "memory": 19705120
  }
}