{
  "part_a": {
    "time": 98915.99999997424,
    "iterations": 100,
    "memory": 9805816
  },
  "part_b": {
    "time": 148457.99999602605,
    "iterations": 100,
    "memory": 7840752
  }
}