{
  "part_a": {
    "time": 14978083.999999966,
    "iterations": 100,
    "memory": 13319744
  },
  "part_b": {
    "time": 56462375.00000007,
    "iterations": 100,
    "memory": 43993264
  }
}