{
  "part_a": {
    "time": 5061541.999999975,
    "iterations": 100,
    "memory": 19797504
  },
  "part_b": {
    "time": 2297417.0000001094,
    "iterations": 100,
    "memory": 22306920
  }
}