{
  "part_a": {
    "time": 608083.0000000006,
    "iterations": 100,
    "memory": 5250280
  },
  "part_b": {
    "time": 524833.9999999985,
    "iterations": 100,
    "memory": 5332344
  }
}