{
  "part_a": {
    "time": 449750.00000000163,
    "iterations": 100,
    "memory": 5419744
  },
  "part_b": {
    "time": 349208.0000000044,
    "iterations": 100,
    "memory": 6662224
  }
}