{
  "part_a": {
    "time": 568333.9999995951,
    "iterations": 100,
    "memory": 6914520
  },
  "part_b": {
    "time": 2003208.9999986056,
    "iterations": 100,
    "memory": 21542088
  }
}