{
  "part_a": {
    "time": 279417.00000000227,
    "iterations": 100,
    "memory": 5547712
  },
  "part_b": {
    "time": 696415.9999999993,
    "iterations": 100,
    "memory": 9646784
  }
}