{
  "part_a": {
    "time": 112708.9999790769,
    "iterations": 100,
    "memory": 13785648
  },
  "part_b": {
    "time": 1336791.000008816,
    "iterations": 100,
    "memory": 9170776
  }
}