{
  "part_a": {
    "time": 3540.999999998462,
    "iterations": 100,
    "memory": 5126584
  },
  "part_b": {
    "time": 4332.999999999032,
    "iterations": 100,
    "memory": 5157688
  }
}