{
  "part_a": {
    "time": 186374.9999902211,
    "iterations": 100,
    "memory": 22085832
  },
  "part_b": {
    "time": 187165.99995968863,
    "iterations": 100,
    "memory": 33356592
  }
}