{
  "part_a": {
    "time": 252000.00000040745,
    "iterations": 100,
    "memory": 4828352
  },
  "part_b": {
    "time": 274707.9999990092,
    "iterations": 100,
    "memory": 7304560
  }
}