{
  "part_a": {
    "time": 1502291.9999999828,
    "iterations": 100,
    "memory": 11675032
  },
  "part_b": {
    "time": 77832.99999999827,
    "iterations": 100,
    "memory": 9020336
  }
}