{
  "part_a": {
    "time": 739665.9999999998,
    "iterations": 100,
    "memory": 7659936
  },
  "part_b": {
    "time": 2662709.0000000065,
    "iterations": 100,
    "memory": 14290832
  }
}