{
  "part_a": {
    "time": 151041.99999950652,
    "iterations": 100,
    "memory": 5357552
  },
  "part_b": {
    "time": 171833.0000003334,
    "iterations": 100,
    "memory": 5854888
  }
}