{
  "part_a": {
    "time": 717417.0000000047,
    "iterations": 100,
    "memory": 5948400
  },
  "part_b": {
    "time": 519599582.9999993,
    "iterations": 100,
    "memory": 38801160
  }
}