{
  "part_a": {
    "time": 4568708.000000015,
    "iterations": 100,
    "memory": 14511440
  },
  "part_b": {
    "time": 322622040.99999505,
    "iterations": 100,
    "memory": 120223840
  }
}