{
  "part_a": {
    "time": 13699166.000000104,
    "iterations": 100,
    "memory": 15384984
  },
  "part_b": {
    "time": 1730320667.0000217,
    "iterations": 100,
    "memory": 157558816
  }
}