{
  "part_a": {
    "time": 41862708.000000566,
    "iterations": 100,
    "memory": 37896024
  },
  "part_b": {
    "time": 27700415.999999676,
    "iterations": 100,
    "memory": 7357600
  }
}